City_ID,City,Country,Date,Lat,Lng,Max Temp,Humidity,Wind Speed
0,Ushuaia,AR,2021-10-08 01:11:30,-54.8,-68.3,47.86,37,8.05
1,Norman Wells,CA,2021-10-08 01:12:30,65.282,-126.8329,29.25,94,2.33
2,Punta Arenas,CL,2021-10-08 01:12:31,-53.15,-70.9167,46.51,53,18.41
3,Ancud,CL,2021-10-08 01:12:31,-41.8697,-73.8203,47.43,90,4.63
4,Kushiro,JP,2021-10-08 01:12:31,42.975,144.3747,54.32,81,5.53
5,Atuona,PF,2021-10-08 01:12:32,-9.8,-139.0333,78.12,76,14.34
6,Clyde,US,2021-10-08 01:08:18,41.3042,-82.9752,69.51,93,7.23
7,Rikitea,PF,2021-10-08 01:12:32,-23.1203,-134.9692,73.83,74,8.63
8,Busselton,AU,2021-10-08 01:12:33,-33.65,115.3333,57.09,69,8.28
9,Kaitangata,NZ,2021-10-08 01:12:33,-46.2817,169.8464,58.57,63,8.9
10,Waipawa,NZ,2021-10-08 01:12:34,-41.4122,175.5153,59.63,60,6.4
11,Hilo,US,2021-10-08 01:10:10,19.7297,-155.09,80.33,71,8.05
12,Zhigansk,RU,2021-10-08 01:12:34,66.7697,123.3711,21.94,84,13.53
13,Ribeira Grande,PT,2021-10-08 01:12:35,38.5167,-28.7,69.84,71,8.14
14,Cayenne,GF,2021-10-08 01:12:35,4.9333,-52.3333,83.08,79,7.0
15,Bilma,NE,2021-10-08 01:12:35,18.6853,12.9164,79.68,19,6.96
16,Arrifes,PT,2021-10-08 01:12:36,37.7667,-25.7,66.24,82,10.36
17,Quixada,BR,2021-10-08 01:12:36,-4.9714,-39.0153,76.95,83,7.52
18,Mar Del Plata,AR,2021-10-08 01:08:24,-38.0023,-57.5575,52.88,66,1.01
19,Araouane,ML,2021-10-08 01:12:37,18.9048,-3.5265,88.79,9,6.6
20,Bambous Virieux,MU,2021-10-08 01:12:37,-20.3428,57.7575,68.22,77,8.3
21,Uni,RU,2021-10-08 01:12:37,57.7535,51.4923,32.09,77,7.43
22,Alaca,TR,2021-10-08 01:09:16,40.1683,34.8425,46.38,82,2.57
23,Le Port,RE,2021-10-08 01:12:38,-20.9373,55.2919,68.0,78,7.38
24,Semey,KZ,2021-10-08 01:12:38,50.4111,80.2275,35.82,87,8.95
25,Dikson,RU,2021-10-08 01:12:38,73.5069,80.5464,33.66,97,17.43
26,Paita,PE,2021-10-08 01:12:39,-5.0892,-81.1144,64.85,85,16.87
27,Mandalgovi,MN,2021-10-08 01:12:39,45.7625,106.2708,46.02,55,2.8
28,Albany,US,2021-10-08 01:12:39,42.6001,-73.9662,61.74,91,1.45
29,Vaini,TO,2021-10-08 01:12:40,-21.2,-175.2,75.56,83,11.12
30,Belmonte,BR,2021-10-08 01:12:40,-15.8631,-38.8828,75.7,89,7.7
31,Aboso,GH,2021-10-08 01:12:40,5.3617,-1.9473,73.13,98,1.41
32,Nikolskoye,RU,2021-10-08 01:12:41,59.7035,30.7861,51.4,67,7.83
33,Oktyabrskoye,RU,2021-10-08 01:12:41,43.0645,44.7417,41.14,93,4.47
34,New Norfolk,AU,2021-10-08 01:12:42,-42.7826,147.0587,66.65,58,4.0
35,Kruisfontein,ZA,2021-10-08 01:12:42,-34.0033,24.7314,63.88,60,11.81
36,Cherskiy,RU,2021-10-08 01:12:42,68.75,161.3,11.35,92,2.93
37,Kodiak,US,2021-10-08 01:12:43,57.79,-152.4072,49.51,76,9.22
38,Touros,BR,2021-10-08 01:09:06,-5.1989,-35.4608,79.7,83,12.21
39,Provideniya,RU,2021-10-08 01:12:43,64.3833,-173.3,37.51,81,13.42
40,Hobyo,SO,2021-10-08 01:12:44,5.3505,48.5268,76.91,82,18.97
41,Paciran,ID,2021-10-08 01:12:44,-6.8767,112.3761,82.69,61,5.53
42,Pinahat,IN,2021-10-08 01:12:44,26.8839,78.3781,77.54,51,2.17
43,Sao Joao Da Barra,BR,2021-10-08 01:12:45,-21.6403,-41.0511,71.73,89,17.31
44,Tasiilaq,GL,2021-10-08 01:12:45,65.6145,-37.6368,35.76,54,8.61
45,Hobart,AU,2021-10-08 01:08:28,-42.8794,147.3294,67.01,51,7.0
46,Ialibu,PG,2021-10-08 01:12:46,-6.2821,143.9935,70.75,59,4.76
47,San Francisco,US,2021-10-08 01:09:05,37.7749,-122.4194,64.85,79,4.0
48,Lasa,IT,2021-10-08 01:12:46,46.6166,10.7002,46.69,84,4.09
49,Kapaa,US,2021-10-08 01:12:46,22.0752,-159.319,82.72,71,4.0
50,Hithadhoo,MV,2021-10-08 01:12:47,-0.6,73.0833,82.83,68,10.13
51,San Patricio,US,2021-10-08 01:12:47,28.017,-97.5169,80.83,53,8.3
52,Aykhal,RU,2021-10-08 01:12:47,66.0,111.5,19.06,97,7.49
53,Sitka,US,2021-10-08 01:12:09,57.0531,-135.33,48.09,87,3.44
54,Georgetown,MY,2021-10-08 01:08:16,5.4112,100.3354,82.89,87,4.61
55,Mataura,NZ,2021-10-08 01:12:48,-46.1927,168.8643,57.47,54,5.3
56,Yellowknife,CA,2021-10-08 01:11:26,62.456,-114.3525,38.41,99,1.99
57,Loreto,MX,2021-10-08 01:12:48,22.2667,-101.9667,64.98,54,11.3
58,Hirara,JP,2021-10-08 01:12:49,24.8,125.2833,83.23,67,17.76
59,Barrow,US,2021-10-08 01:10:23,71.2906,-156.7887,33.82,75,9.22
60,Galle,LK,2021-10-08 01:12:49,6.0367,80.217,80.02,82,7.14
61,Poum,NC,2021-10-08 01:12:50,-20.2333,164.0167,73.36,67,4.99
62,San Quintin,MX,2021-10-08 01:12:50,30.4833,-115.95,68.31,79,14.56
63,Bethel,US,2021-10-08 01:12:50,41.3712,-73.414,63.91,90,3.44
64,Rio Grande,BR,2021-10-08 01:12:51,-32.035,-52.0986,49.95,71,7.23
65,Raudeberg,NO,2021-10-08 01:12:51,61.9875,5.1352,55.87,80,7.0
66,Bluff,NZ,2021-10-08 01:12:52,-46.6,168.3333,57.79,73,14.05
67,Saint-Philippe,RE,2021-10-08 01:12:52,-21.3585,55.7679,67.59,78,8.16
68,Kanigoro,ID,2021-10-08 01:12:52,-8.13,112.219,80.87,62,8.14
69,Port Alfred,ZA,2021-10-08 01:12:53,-33.5906,26.891,66.45,76,16.93
70,Bengkulu,ID,2021-10-08 01:12:53,-3.8004,102.2655,76.84,86,3.74
71,Bredasdorp,ZA,2021-10-08 01:12:53,-34.5322,20.0403,54.52,83,3.87
72,Butaritari,KI,2021-10-08 01:12:54,3.0707,172.7902,82.85,65,13.71
73,Farafangana,MG,2021-10-08 01:12:54,-22.8167,47.8333,64.83,79,7.14
74,Lebu,CL,2021-10-08 01:12:54,-37.6167,-73.65,47.97,85,8.99
75,Sinnamary,GF,2021-10-08 01:12:55,5.3833,-52.95,80.92,79,11.34
76,Avarua,CK,2021-10-08 01:12:55,-21.2078,-159.775,80.65,61,12.66
77,Tuktoyaktuk,CA,2021-10-08 01:12:55,69.4541,-133.0374,31.77,71,5.55
78,Geraldton,AU,2021-10-08 01:12:56,-28.7667,114.6,63.01,88,16.11
79,Airai,TL,2021-10-08 01:12:56,-8.9266,125.4092,78.85,27,4.94
80,Yantal,RU,2021-10-08 01:12:56,56.8471,105.2542,33.87,91,8.08
81,Port Elizabeth,ZA,2021-10-08 01:12:57,-33.918,25.5701,66.09,65,14.12
82,Bud,US,2021-10-08 01:12:57,39.447,-86.1758,68.56,96,4.54
83,Castro,BR,2021-10-08 01:12:57,-24.7911,-50.0119,55.47,98,7.43
84,Amapa,BR,2021-10-08 01:12:58,1.0,-52.0,75.74,88,6.42
85,Namatanai,PG,2021-10-08 01:12:58,-3.6667,152.4333,84.2,71,0.6
86,Tiksi,RU,2021-10-08 01:12:58,71.6872,128.8694,27.32,89,17.31
87,Shenjiamen,CN,2021-10-08 01:12:59,29.9576,122.298,75.99,89,15.59
88,Jamestown,US,2021-10-08 01:12:59,42.097,-79.2353,67.64,86,1.01
89,Polovinnoye,RU,2021-10-08 01:12:59,54.7914,65.9864,35.96,78,7.85
90,East London,ZA,2021-10-08 01:13:00,-33.0153,27.9116,67.05,94,5.97
91,Saint-Pierre,RE,2021-10-08 01:13:00,-21.3393,55.4781,67.68,71,9.22
92,Mnogovershinnyy,RU,2021-10-08 01:13:00,53.9353,139.9242,39.74,56,5.79
93,Dargaville,NZ,2021-10-08 01:13:01,-35.9333,173.8833,62.85,72,12.15
94,Springbok,ZA,2021-10-08 01:13:01,-29.6643,17.8865,44.11,70,1.21
95,Lagoa,PT,2021-10-08 01:13:02,39.05,-27.9833,68.74,71,6.06
96,Abaza,RU,2021-10-08 01:13:02,52.655,90.0928,33.96,85,6.08
97,Yar-Sale,RU,2021-10-08 01:13:02,66.8333,70.8333,42.89,90,15.41
98,Inta,RU,2021-10-08 01:13:03,66.0317,60.1659,43.5,79,27.83
99,Narsaq,GL,2021-10-08 01:13:03,60.9167,-46.05,44.82,52,6.85
100,Adrar,MR,2021-10-08 01:13:03,20.5022,-10.0711,88.61,9,8.41
101,Santa Vitoria Do Palmar,BR,2021-10-08 01:13:04,-33.5189,-53.3681,48.27,77,6.46
102,Port Hardy,CA,2021-10-08 01:13:04,50.6996,-127.4199,49.53,75,13.02
103,Lavrentiya,RU,2021-10-08 01:13:05,65.5833,-171.0,35.11,98,6.17
104,College,US,2021-10-08 01:13:05,64.8569,-147.8028,39.15,94,4.61
105,Saint George,US,2021-10-08 01:13:05,37.1041,-113.5841,79.27,36,1.01
106,Torres,BR,2021-10-08 01:13:06,-29.3353,-49.7269,57.83,72,0.45
107,Chowchilla,US,2021-10-08 01:13:06,37.123,-120.2602,79.48,31,6.91
108,Vao,NC,2021-10-08 01:13:07,-22.6667,167.4833,69.51,63,13.42
109,Clyde River,CA,2021-10-08 01:13:07,70.4692,-68.5914,30.63,88,2.55
110,Sao Lourenco Do Sul,BR,2021-10-08 01:13:07,-31.3653,-51.9783,49.89,74,6.42
111,Colomi,BO,2021-10-08 01:13:08,-17.35,-65.8667,50.07,83,2.53
112,Northam,GB,2021-10-08 01:13:08,51.0333,-4.2167,60.66,92,9.6
113,Shubarkuduk,KZ,2021-10-08 01:13:09,49.1447,56.4872,36.19,54,4.85
114,Cockburn Town,TC,2021-10-08 01:13:09,21.4612,-71.1419,82.71,76,18.28
115,Faanui,PF,2021-10-08 01:13:09,-16.4833,-151.75,79.0,72,7.18
116,Iqaluit,CA,2021-10-08 01:13:10,63.7506,-68.5145,34.7,82,8.99
117,Fort Nelson,CA,2021-10-08 01:13:10,58.8053,-122.7002,39.97,54,2.8
118,Puerto Ayora,EC,2021-10-08 01:13:11,-0.7393,-90.3518,69.55,94,8.01
119,Umm Lajj,SA,2021-10-08 01:13:11,25.0213,37.2685,83.26,44,10.33
120,Rabo De Peixe,PT,2021-10-08 01:13:11,37.8,-25.5833,67.28,90,10.36
121,Palaikastron,GR,2021-10-08 01:13:12,35.2,26.25,64.74,70,5.46
122,Hamilton,US,2021-10-08 01:08:57,39.1834,-84.5333,71.89,89,3.44
123,Comodoro Rivadavia,AR,2021-10-08 01:13:12,-45.8667,-67.5,46.26,81,4.61
124,Pangnirtung,CA,2021-10-08 01:13:13,66.1451,-65.7125,33.8,84,1.7
125,Faya,SA,2021-10-08 01:13:13,18.3851,42.4509,64.92,62,6.44
126,Deputatskiy,RU,2021-10-08 01:13:13,69.3,139.9,21.65,70,6.53
127,Sarangani,PH,2021-10-08 01:13:14,5.4033,125.4636,84.74,71,15.66
128,Arlit,NE,2021-10-08 01:13:14,18.7369,7.3853,81.7,17,9.4
129,Vestmannaeyjar,IS,2021-10-08 01:13:14,63.4427,-20.2734,50.11,93,34.31
130,Sibolga,ID,2021-10-08 01:13:15,1.7427,98.7792,78.91,81,1.79
131,Denpasar,ID,2021-10-08 01:13:15,-8.65,115.2167,78.46,78,3.44
132,Algiers,DZ,2021-10-08 01:12:24,36.7525,3.042,58.82,77,4.61
133,Asau,RO,2021-10-08 01:13:16,46.4333,26.4,40.75,69,3.94
134,Khatanga,RU,2021-10-08 01:13:16,71.9667,102.5,19.89,96,8.57
135,Severo-Kurilsk,RU,2021-10-08 01:13:16,50.6789,156.125,48.11,72,17.31
136,Sioux Lookout,CA,2021-10-08 01:13:17,50.1001,-91.917,62.44,83,8.3
137,Tingi,TZ,2021-10-08 01:13:17,-11.3,35.0333,62.49,68,2.82
138,Takaka,NZ,2021-10-08 01:13:17,-40.85,172.8,66.97,49,11.39
139,Dicabisagan,PH,2021-10-08 01:13:18,17.0818,122.4157,82.63,75,4.45
140,Hasaki,JP,2021-10-08 01:13:18,35.7333,140.8333,79.29,75,14.52
141,Nelson Bay,AU,2021-10-08 01:13:19,-32.7167,152.15,68.29,62,7.31
142,San Carlos De Bariloche,AR,2021-10-08 01:13:19,-41.1456,-71.3082,42.55,39,5.75
143,Agbor,NG,2021-10-08 01:13:19,6.2518,6.1934,72.21,99,3.56
144,Longyearbyen,SJ,2021-10-08 01:13:20,78.2186,15.6401,21.04,68,8.05
145,Sikeston,US,2021-10-08 01:13:20,36.8767,-89.5879,72.91,88,0.0
146,Curitibanos,BR,2021-10-08 01:13:20,-27.2828,-50.5844,52.5,94,6.26
147,Ahipara,NZ,2021-10-08 01:13:21,-35.1667,173.1667,62.69,70,10.4
148,Piracanjuba,BR,2021-10-08 01:13:21,-17.3028,-49.0167,76.48,66,9.66
149,Ponta Do Sol,PT,2021-10-08 01:13:21,32.6667,-17.1,70.72,77,2.68
150,Fortuna,US,2021-10-08 01:13:22,40.5982,-124.1573,62.19,56,1.01
151,Lugovoy,KZ,2021-10-08 01:13:22,42.9472,72.7644,34.79,74,3.8
152,Kudymkar,RU,2021-10-08 01:13:22,59.0173,54.656,34.75,89,8.1
153,Paamiut,GL,2021-10-08 01:13:23,61.994,-49.6678,35.76,66,9.04
154,Ambon,ID,2021-10-08 01:13:23,-3.6954,128.1814,80.74,94,1.14
155,Bandarbeyla,SO,2021-10-08 01:13:24,9.4942,50.8122,77.9,84,19.26
156,Mehamn,NO,2021-10-08 01:13:24,71.0357,27.8492,40.32,68,29.24
157,Glodeni,MD,2021-10-08 01:13:24,47.7708,27.5144,38.39,34,6.91
158,Cam Ranh,VN,2021-10-08 01:13:25,11.9214,109.1591,82.36,74,1.14
159,Cabo San Lucas,MX,2021-10-08 01:10:02,22.8909,-109.9124,88.61,51,4.61
160,Torbay,CA,2021-10-08 01:13:25,47.6666,-52.7314,50.76,84,3.0
161,Carnarvon,AU,2021-10-08 01:13:26,-24.8667,113.6333,67.15,53,23.6
162,Kamenka,RU,2021-10-08 01:13:26,51.3223,42.7678,36.37,60,6.49
163,Doha,QA,2021-10-08 01:13:26,25.2867,51.5333,84.18,77,2.3
164,Paracatu,BR,2021-10-08 01:13:27,-17.2222,-46.8747,81.61,44,5.84
165,Bathsheba,BB,2021-10-08 01:13:27,13.2167,-59.5167,83.01,83,24.16
166,Mareeba,AU,2021-10-08 01:13:27,-17.0,145.4333,86.43,45,9.46
167,Lyubim,RU,2021-10-08 01:13:28,58.3625,40.6843,35.58,81,5.12
168,Beyla,GN,2021-10-08 01:13:28,8.6833,-8.6333,68.05,95,0.98
169,Chokurdakh,RU,2021-10-08 01:13:28,70.6333,147.9167,16.92,84,6.73
170,Salalah,OM,2021-10-08 01:13:29,17.0151,54.0924,78.89,94,2.3
171,Desnogorsk,RU,2021-10-08 01:13:30,54.1508,33.2815,34.2,77,2.44
172,Kamaishi,JP,2021-10-08 01:13:30,39.2667,141.8833,67.14,90,4.09
173,Vila,PT,2021-10-08 01:13:30,42.0304,-8.1588,58.33,76,3.67
174,Krasnoselkup,RU,2021-10-08 01:13:31,65.7,82.4667,40.89,97,12.26
175,Lorengau,PG,2021-10-08 01:13:31,-2.0226,147.2712,85.53,66,10.47
176,Tayu,ID,2021-10-08 01:13:32,-6.5397,111.0518,83.77,60,7.38
177,Kavaratti,IN,2021-10-08 01:13:32,10.5669,72.642,81.57,79,7.34
178,Axim,GH,2021-10-08 01:13:32,4.8699,-2.2405,76.33,91,2.44
179,Jamsa,FI,2021-10-08 01:13:33,61.8642,25.19,52.52,93,5.08
180,Qaanaaq,GL,2021-10-08 01:13:33,77.484,-69.3632,22.84,65,7.56
181,Pangai,TO,2021-10-08 01:13:33,-19.8,-174.35,77.72,81,13.33
182,Praia Da Vitoria,PT,2021-10-08 01:13:34,38.7333,-27.0667,65.75,84,4.85
183,Talnakh,RU,2021-10-08 01:13:35,69.4865,88.3972,32.97,99,6.11
184,Agirish,RU,2021-10-08 01:13:35,61.9247,63.0231,39.58,82,11.92
185,Abu Samrah,SY,2021-10-08 01:13:35,35.3029,37.1841,64.22,27,3.74
186,Santa Rosa,PH,2021-10-08 01:13:36,14.3122,121.1114,87.1,79,0.72
187,Kudahuvadhoo,MV,2021-10-08 01:13:36,2.6708,72.8944,83.14,74,12.26
188,Waingapu,ID,2021-10-08 01:13:36,-9.6567,120.2641,83.73,60,4.09
189,Esperance,AU,2021-10-08 01:11:07,-33.8667,121.9,59.7,63,16.02
190,Sakakah,SA,2021-10-08 01:13:37,29.9697,40.2064,71.47,27,9.08
191,Shirokiy,RU,2021-10-08 01:13:37,49.758,129.523,44.13,66,5.46
192,Avera,US,2021-10-08 01:13:37,33.194,-82.5271,72.91,93,5.59
193,Cozumel,MX,2021-10-08 01:13:38,20.5083,-86.9458,82.99,88,4.0
194,Evensk,RU,2021-10-08 01:13:38,61.95,159.2333,28.38,45,1.36
195,Flin Flon,CA,2021-10-08 01:13:38,54.7682,-101.865,46.22,43,5.28
196,Baykit,RU,2021-10-08 01:13:39,61.67,96.37,35.06,98,3.51
197,Chicama,PE,2021-10-08 01:13:39,-7.8447,-79.1469,59.54,85,8.37
198,Zagan,PL,2021-10-08 01:13:41,51.6176,15.3149,52.61,89,4.74
199,Milkovo,RU,2021-10-08 01:13:41,54.7167,158.6167,44.56,37,13.31
200,Chuy,UY,2021-10-08 01:13:42,-33.6971,-53.4616,47.53,78,6.44
201,Thompson,CA,2021-10-08 01:11:13,55.7435,-97.8558,51.87,69,8.16
202,Preobrazheniye,RU,2021-10-08 01:13:42,42.9019,133.9064,58.08,59,2.1
203,Biak,ID,2021-10-08 01:13:42,-0.9131,122.8766,82.74,66,5.21
204,Seymchan,RU,2021-10-08 01:13:43,62.8833,152.4333,23.45,60,3.87
205,Kashi,CN,2021-10-08 01:13:43,39.4547,75.9797,57.34,33,5.73
206,Samarai,PG,2021-10-08 01:13:44,-10.6167,150.6667,82.49,77,10.89
207,Pajan,EC,2021-10-08 01:13:44,-1.5667,-80.4167,72.72,74,5.61
208,Cape Town,ZA,2021-10-08 01:11:30,-33.9258,18.4232,59.09,62,12.95
209,Baracoa,CU,2021-10-08 01:13:44,20.3467,-74.4958,80.44,84,10.58
210,Kavieng,PG,2021-10-08 01:13:45,-2.5744,150.7967,83.7,69,4.29
211,Havoysund,NO,2021-10-08 01:13:45,70.9963,24.6622,40.08,80,25.1
212,Sovetskiy,RU,2021-10-08 01:13:46,61.3614,63.5842,39.54,82,8.93
213,Pringsewu,ID,2021-10-08 01:13:46,-5.3582,104.9744,81.5,69,7.05
214,Gelemso,ET,2021-10-08 01:13:46,8.8167,40.5167,60.24,86,3.38
215,Areosa,PT,2021-10-08 01:13:47,41.7178,-8.8571,69.31,80,6.06
216,Zaysan,KZ,2021-10-08 01:13:48,47.4667,84.8667,30.24,57,7.94
217,Bafoulabe,ML,2021-10-08 01:13:48,13.8065,-10.8321,75.81,85,0.58
218,Alofi,NU,2021-10-08 01:13:48,-19.0595,-169.9187,77.83,78,11.16
219,Los Llanos De Aridane,ES,2021-10-08 01:13:49,28.6585,-17.9182,69.55,78,11.5
220,Solano,US,2021-10-08 01:13:49,38.2333,-121.9511,68.29,61,17.27
221,Bonthe,SL,2021-10-08 01:13:49,7.5264,-12.505,77.86,84,3.96
222,Alyangula,AU,2021-10-08 01:13:50,-13.8483,136.4192,84.18,67,9.28
223,Saint-Ambroise,CA,2021-10-08 01:11:22,48.5501,-71.3324,54.9,89,2.01
224,Hohhot,CN,2021-10-08 01:13:51,40.8106,111.6522,52.99,63,3.53
225,Hambantota,LK,2021-10-08 01:13:51,6.1241,81.1185,79.66,83,12.17
226,Suez,EG,2021-10-08 01:13:51,29.9737,32.5263,68.54,76,9.73
227,Ambilobe,MG,2021-10-08 01:13:52,-13.2,49.05,72.0,84,5.12
228,Pitimbu,BR,2021-10-08 01:13:52,-7.4706,-34.8086,79.39,81,11.52
229,Fort Dodge,US,2021-10-08 01:12:58,42.4975,-94.168,69.82,88,4.61
230,Ndele,CF,2021-10-08 01:13:53,8.4109,20.6473,71.78,95,2.53
231,Yongan,CN,2021-10-08 01:13:53,39.6957,113.6871,51.28,74,3.4
232,Tual,ID,2021-10-08 01:13:53,-5.6667,132.75,81.93,80,17.31
233,Waddan,LY,2021-10-08 01:13:54,29.1614,16.139,74.61,22,6.26
234,Mogadishu,SO,2021-10-08 01:13:54,2.0371,45.3438,77.32,78,15.82
235,Te Anau,NZ,2021-10-08 01:13:55,-45.4167,167.7167,53.46,77,5.37
236,Arraial Do Cabo,BR,2021-10-08 01:13:55,-22.9661,-42.0278,69.44,79,20.36
237,Yangambi,CD,2021-10-08 01:13:55,0.8102,24.4336,69.67,96,0.92
238,Grindavik,IS,2021-10-08 01:13:56,63.8424,-22.4338,48.9,100,21.85
239,Phalaborwa,ZA,2021-10-08 01:13:56,-23.943,31.1411,65.28,79,2.64
240,Amazar,RU,2021-10-08 01:13:57,53.858,120.875,37.65,54,3.8
241,Opuwo,NA,2021-10-08 01:13:57,-18.0607,13.84,66.92,25,4.25
242,Kintampo,GH,2021-10-08 01:13:57,8.0563,-1.7306,73.65,86,3.94
243,Puerto Suarez,BO,2021-10-08 01:13:58,-18.95,-57.8,75.06,90,1.54
244,Kirakira,SB,2021-10-08 01:13:58,-10.4544,161.9205,86.13,70,13.44
245,Saskylakh,RU,2021-10-08 01:13:58,71.9167,114.0833,-1.7,99,3.96
246,Vostok,RU,2021-10-08 01:13:59,46.4856,135.8833,49.24,59,8.43
247,Danielskuil,ZA,2021-10-08 01:13:59,-28.1887,23.5395,55.89,79,8.21
248,Ostrovnoy,RU,2021-10-08 01:13:59,68.0531,39.5131,41.0,77,24.38
249,Pudozh,RU,2021-10-08 01:14:00,61.8099,36.5345,45.55,77,9.6
250,Tungor,RU,2021-10-08 01:14:00,53.3808,142.9564,44.82,60,11.5
251,Popondetta,PG,2021-10-08 01:14:00,-8.7537,148.2534,91.09,50,5.35
252,Whitehorse,CA,2021-10-08 01:13:25,60.7161,-135.0538,38.01,86,5.99
253,Haines Junction,CA,2021-10-08 01:14:02,60.7522,-137.5108,37.38,80,1.59
254,Hermanus,ZA,2021-10-08 01:14:02,-34.4187,19.2345,56.89,75,7.54
255,Sao Jose Da Coroa Grande,BR,2021-10-08 01:14:03,-8.8978,-35.1478,76.48,82,8.68
256,Sharan,RU,2021-10-08 01:14:03,54.8167,54.0,35.6,83,2.77
257,Sao Filipe,CV,2021-10-08 01:14:03,14.8961,-24.4956,79.59,78,2.93
258,Kokopo,PG,2021-10-08 01:14:04,-4.352,152.2633,85.08,66,5.44
259,Yumen,CN,2021-10-08 01:14:04,40.2833,97.2,38.61,47,15.73
260,Bardiyah,LY,2021-10-08 01:14:05,31.7561,25.0865,69.13,70,8.93
261,Dingle,PH,2021-10-08 01:14:05,10.9995,122.6711,78.1,87,1.83
262,Quatre Cocos,MU,2021-10-08 01:14:05,-20.2078,57.7625,68.09,77,8.95
263,Ruston,US,2021-10-08 01:14:06,32.5232,-92.6379,71.29,88,0.0
264,Rongcheng,CN,2021-10-08 01:14:06,30.634,117.8517,65.48,94,2.93
265,Zyryanka,RU,2021-10-08 01:14:07,65.75,150.85,27.32,57,10.33
266,Qasigiannguit,GL,2021-10-08 01:14:07,68.8193,-51.1922,23.25,80,4.45
267,Nanortalik,GL,2021-10-08 01:14:07,60.1432,-45.2371,38.62,63,2.77
268,Shimoda,JP,2021-10-08 01:14:08,34.6667,138.95,76.1,74,5.64
269,Bubaque,GW,2021-10-08 01:14:08,11.2833,-15.8333,84.0,74,5.41
270,Marystown,CA,2021-10-08 01:14:08,47.1666,-55.1483,54.86,100,13.94
271,Mindelo,CV,2021-10-08 01:14:09,16.8901,-24.9804,78.35,73,23.02
272,Besancon,FR,2021-10-08 01:14:09,47.2488,6.0182,49.51,100,7.63
273,Isiro,CD,2021-10-08 01:14:09,2.7739,27.616,66.69,98,2.46
274,Mangrol,IN,2021-10-08 01:14:10,21.1167,70.1167,82.02,81,7.14
275,Puerto Madero,MX,2021-10-08 01:14:10,14.7208,-92.4215,75.4,100,0.0
276,Veraval,IN,2021-10-08 01:14:11,20.9,70.3667,82.51,79,6.13
277,Sorland,NO,2021-10-08 01:14:11,67.667,12.6934,43.27,66,18.16
278,Tete,MZ,2021-10-08 01:14:11,-16.1564,33.5867,72.12,68,7.76
279,Linxia,CN,2021-10-08 01:14:12,35.6003,103.2064,55.11,65,2.8
280,Port Lincoln,AU,2021-10-08 01:14:12,-34.7333,135.8667,63.68,42,13.47
281,Verkhoyansk,RU,2021-10-08 01:14:12,67.5447,133.385,33.31,48,14.83
282,Lompoc,US,2021-10-08 01:12:20,34.6391,-120.4579,65.57,82,6.91
283,Russell,US,2021-10-08 01:14:13,32.3502,-85.1999,74.97,90,0.0
284,Khandyga,RU,2021-10-08 01:14:13,62.6667,135.6,32.58,69,8.79
285,Jimenez,MX,2021-10-08 01:14:14,28.3333,-105.4,83.14,25,5.61
286,Diffa,NE,2021-10-08 01:14:14,13.3154,12.6113,84.27,19,5.84
287,Port-Cartier,CA,2021-10-08 01:14:14,50.0334,-66.8654,48.74,79,11.3
288,Broome,US,2021-10-08 01:14:15,42.2506,-75.833,65.07,79,0.0
289,Mehran,IR,2021-10-08 01:14:15,33.1222,46.1646,74.34,17,10.54
290,Cidreira,BR,2021-10-08 01:14:15,-30.1811,-50.2056,59.5,67,7.61
291,Ilulissat,GL,2021-10-08 01:14:16,69.2167,-51.1,23.02,58,1.14
292,Pevek,RU,2021-10-08 01:14:16,69.7008,170.3133,24.37,81,5.68
293,Katsuura,JP,2021-10-08 01:14:16,35.1333,140.3,73.51,75,12.46
294,Catamarca,AR,2021-10-08 01:10:45,-28.4696,-65.7852,71.78,52,8.99
295,Buala,SB,2021-10-08 01:14:17,-8.145,159.5921,85.64,70,9.08
296,Sola,VU,2021-10-08 01:14:17,-13.8833,167.55,80.58,78,18.86
297,Mineiros,BR,2021-10-08 01:14:18,-17.5694,-52.5511,71.46,82,4.88
298,Correntina,BR,2021-10-08 01:14:18,-13.3433,-44.6367,79.48,33,2.24
299,Jiaojiang,CN,2021-10-08 01:14:18,28.6803,121.4428,82.0,80,6.51
300,Mount Gambier,AU,2021-10-08 01:14:19,-37.8333,140.7667,59.47,55,12.46
301,Santiago,CL,2021-10-08 01:11:37,-33.4569,-70.6483,59.18,61,12.66
302,Mombetsu,JP,2021-10-08 01:14:19,44.3525,143.3525,60.85,56,5.14
303,Chegutu,ZW,2021-10-08 01:14:20,-18.1302,30.1407,63.77,68,5.14
304,Arroyo,ES,2021-10-08 01:14:20,41.6096,-4.7969,55.6,76,5.75
305,Manoel Urbano,BR,2021-10-08 01:14:21,-8.8389,-69.2597,77.88,71,0.07
306,Imeni Babushkina,RU,2021-10-08 01:14:21,59.7573,43.1285,37.87,79,8.43
307,Stornoway,GB,2021-10-08 01:14:21,58.2093,-6.3865,55.92,94,17.27
308,Victoria,HK,2021-10-08 01:13:47,22.2855,114.1577,78.94,95,1.01
309,Chichica,PA,2021-10-08 01:14:22,8.4922,-82.1627,81.39,99,1.05
310,Pisco,PE,2021-10-08 01:14:22,-13.7,-76.2167,62.02,88,20.71
311,San Lawrenz,MT,2021-10-08 01:14:23,36.0553,14.204,68.86,69,4.0
312,Fairbanks,US,2021-10-08 01:12:47,64.8378,-147.7164,39.16,94,4.61
313,Olafsvik,IS,2021-10-08 01:14:23,64.8945,-23.7142,43.41,90,37.04
314,Nusaybin,TR,2021-10-08 01:14:24,37.0778,41.2178,65.01,24,5.12
315,Tevaitoa,PF,2021-10-08 01:14:24,-16.7833,-151.5,78.58,72,6.4
316,Skibbereen,IE,2021-10-08 01:14:25,51.55,-9.2667,60.6,97,14.38
317,Terney,RU,2021-10-08 01:14:25,45.0503,136.6092,59.2,45,6.58
318,Corner Brook,CA,2021-10-08 01:14:26,48.9667,-57.9484,47.21,90,5.26
319,Point Fortin,TT,2021-10-08 01:14:26,10.1833,-61.6833,80.85,83,9.86
320,Pahrump,US,2021-10-08 01:14:27,36.2083,-115.9839,79.05,30,3.0
321,Felanitx,ES,2021-10-08 01:14:27,39.4696,3.1483,62.96,64,6.4
322,Padang,ID,2021-10-08 01:14:27,-0.9492,100.3543,77.05,79,2.42
323,Rive-De-Gier,FR,2021-10-08 01:14:28,45.5307,4.6213,50.43,96,4.81
324,Gorontalo,ID,2021-10-08 01:14:28,0.5412,123.0595,86.74,65,4.21
325,Zacualtipan,MX,2021-10-08 01:14:28,20.65,-98.6,56.25,95,2.15
326,Gat,IL,2021-10-08 01:13:03,31.61,34.7642,71.4,66,4.09
327,Manali,IN,2021-10-08 01:14:29,13.1667,80.2667,82.49,83,8.12
328,Borogontsy,RU,2021-10-08 01:14:29,62.6683,131.1683,31.66,88,5.86
329,Vanimo,PG,2021-10-08 01:14:29,-2.6741,141.3028,86.38,63,5.95
330,Bowen,AU,2021-10-08 01:14:30,-20.0167,148.2333,78.4,66,11.95
331,Kahului,US,2021-10-08 01:14:30,20.8947,-156.47,84.22,69,21.85
332,Maxixe,MZ,2021-10-08 01:14:30,-23.8597,35.3472,66.61,68,6.08
333,Luderitz,NA,2021-10-08 01:14:31,-26.6481,15.1594,55.85,79,7.02
334,Akyab,MM,2021-10-08 01:14:31,20.15,92.9,80.71,85,4.32
335,Smithers,CA,2021-10-08 01:14:31,54.7804,-127.1743,43.12,70,5.75
336,Pozo Colorado,PY,2021-10-08 01:14:32,-23.4923,-58.7972,73.06,76,2.98
337,Timra,SE,2021-10-08 01:14:32,62.487,17.3257,37.08,93,4.61
338,Upernavik,GL,2021-10-08 01:14:33,72.7868,-56.1549,25.02,46,3.91
339,Sinjai,ID,2021-10-08 01:14:33,-5.1241,120.253,84.65,69,8.57
340,Atar,MR,2021-10-08 01:14:33,20.5169,-13.0499,90.27,11,8.1
341,Brae,GB,2021-10-08 01:14:34,60.3964,-1.353,53.51,95,15.21
342,Marzuq,YE,2021-10-08 01:14:34,14.4,46.4667,75.15,58,2.71
343,Posse,BR,2021-10-08 01:14:34,-14.0931,-46.3694,84.24,31,4.54
344,Okhotsk,RU,2021-10-08 01:14:35,59.3833,143.3,31.89,65,9.4
345,Ladario,BR,2021-10-08 01:14:35,-19.0047,-57.6017,74.44,91,2.17
346,Srandakan,ID,2021-10-08 01:14:35,-7.9386,110.2506,79.68,75,3.51
347,Tondano,ID,2021-10-08 01:14:36,1.3038,124.9112,82.49,58,4.07
348,Linjiang,CN,2021-10-08 01:14:36,41.8069,126.9078,55.83,71,1.81
349,Ketchikan,US,2021-10-08 01:14:36,55.3422,-131.6461,46.38,95,11.39
350,Nome,US,2021-10-08 01:14:37,64.5011,-165.4064,41.16,87,9.22
351,Bima,ID,2021-10-08 01:14:37,-8.4667,118.7167,87.69,56,6.35
352,Koygorodok,RU,2021-10-08 01:14:37,60.445,50.9968,38.77,85,9.15
353,Grand Gaube,MU,2021-10-08 01:14:38,-20.0064,57.6608,68.38,85,5.99
354,Mahebourg,MU,2021-10-08 01:14:38,-20.4081,57.7,68.25,77,7.4
355,Constitucion,CL,2021-10-08 01:14:38,-35.3333,-72.4167,49.48,89,6.13
356,Paraiso,CR,2021-10-08 01:14:39,9.8383,-83.8656,65.95,98,1.68
357,Egvekinot,RU,2021-10-08 01:14:39,66.3167,-179.1667,24.78,91,10.33
358,Kaabong,UG,2021-10-08 01:14:40,3.4836,34.1492,64.56,82,4.16
359,Blagoyevo,RU,2021-10-08 01:14:40,63.3667,47.9167,41.99,81,12.68
360,Chapais,CA,2021-10-08 01:14:40,49.7834,-74.8492,54.19,92,4.61
361,Podgorica,ME,2021-10-08 01:11:01,42.4411,19.2636,60.51,81,6.22
362,Bolshevik,BY,2021-10-08 01:14:41,54.0065,27.5692,26.22,66,3.94
363,Yeppoon,AU,2021-10-08 01:14:41,-23.1333,150.7333,82.18,54,8.19
364,Santo Antonio Do Ica,BR,2021-10-08 01:14:42,-3.1022,-67.9397,74.66,94,1.9
365,Bontang,ID,2021-10-08 01:14:42,0.1333,117.5,82.62,76,8.66
366,Guerrero Negro,MX,2021-10-08 01:14:42,27.9769,-114.0611,71.4,72,18.54
367,Nemuro,JP,2021-10-08 01:14:43,43.3236,145.575,51.66,84,8.61
368,Ambulu,ID,2021-10-08 01:14:43,-8.345,113.6058,80.22,67,3.47
369,Kismayo,SO,2021-10-08 01:14:43,-0.3582,42.5454,77.23,77,15.17
370,Kenai,US,2021-10-08 01:14:44,60.5544,-151.2583,52.03,75,11.5
371,Naliya,IN,2021-10-08 01:14:44,23.2667,68.8333,81.25,74,7.56
372,Teknaf,BD,2021-10-08 01:14:44,20.8624,92.3058,79.84,89,2.84
373,Sayyan,YE,2021-10-08 01:14:45,15.1718,44.3244,59.79,64,3.44
374,Hvolsvollur,IS,2021-10-08 01:14:45,63.7533,-20.2243,47.8,97,18.9
375,Kandalaksha,RU,2021-10-08 01:14:45,67.162,32.4123,36.68,77,10.51
376,Vila Velha,BR,2021-10-08 01:14:46,-20.3297,-40.2925,75.15,78,13.8
377,Raton,US,2021-10-08 01:12:36,36.9034,-104.4391,66.54,38,6.91
378,Juxtlahuaca,MX,2021-10-08 01:14:47,17.4294,-99.1467,72.0,88,1.16
379,Trenggalek,ID,2021-10-08 01:14:37,-8.05,111.7167,79.92,72,5.06
380,Jalu,LY,2021-10-08 01:14:47,29.0331,21.5482,72.09,33,7.34
381,Tezu,IN,2021-10-08 01:12:42,27.9167,96.1667,78.67,66,1.1
382,Cheyenne,US,2021-10-08 01:11:15,41.14,-104.8203,63.95,36,1.01
383,Port-Gentil,GA,2021-10-08 01:14:48,-0.7193,8.7815,77.0,84,10.83
384,Rio Cuarto,AR,2021-10-08 01:14:48,-33.1307,-64.3499,51.84,46,10.76
385,Mombasa,KE,2021-10-08 01:14:48,-4.0547,39.6636,75.52,85,9.01
386,Dibulla,CO,2021-10-08 01:14:49,11.2725,-73.3091,80.83,78,5.77
387,Edgewater,US,2021-10-08 01:14:49,28.9889,-80.9023,82.02,79,6.96
388,Suhut,TR,2021-10-08 01:14:50,38.5311,30.5458,48.45,60,2.28
389,Broken Hill,AU,2021-10-08 01:14:50,-31.95,141.4333,70.57,19,9.64
390,Bonavista,CA,2021-10-08 01:14:50,48.6499,-53.1147,50.11,63,6.6
391,Pitea,SE,2021-10-08 01:14:51,65.3172,21.4794,46.09,93,3.18
392,Aguimes,ES,2021-10-08 01:14:51,27.9054,-15.4461,70.43,70,16.11
393,Sao Paulo Do Potengi,BR,2021-10-08 01:14:51,-5.895,-35.7628,78.91,87,5.97
394,Asosa,ET,2021-10-08 01:14:52,10.0667,34.5333,61.68,92,4.97
395,Bambanglipuro,ID,2021-10-08 01:14:52,-7.95,110.2833,79.7,74,3.89
396,Yerbogachen,RU,2021-10-08 01:14:53,61.2767,108.0108,33.28,97,8.37
397,Klaksvik,FO,2021-10-08 01:14:53,62.2266,-6.589,52.72,89,22.08
398,Vaitape,PF,2021-10-08 01:14:53,-16.5167,-151.75,78.98,71,7.18
399,Joura,IN,2021-10-08 01:14:54,26.3411,77.8115,76.75,58,4.38
400,Omsukchan,RU,2021-10-08 01:14:54,62.5333,155.8,16.75,83,1.28
401,Ekhabi,RU,2021-10-08 01:14:55,53.5102,142.9671,45.03,56,11.77
402,Manakara,MG,2021-10-08 01:14:55,-22.1333,48.0167,64.4,83,5.82
403,Ixtapa,MX,2021-10-08 01:14:55,20.7,-105.2,87.03,74,6.91
404,Lata,PT,2021-10-08 01:14:56,40.1629,-8.3327,61.81,59,3.18
405,Port Hawkesbury,CA,2021-10-08 01:10:56,45.6169,-61.3485,60.58,81,5.59
406,Kachiry,KZ,2021-10-08 01:14:56,53.0675,76.1036,38.08,87,8.66
407,Sabang,ID,2021-10-08 01:14:57,5.8933,95.3214,82.31,76,22.93
408,Storforshei,NO,2021-10-08 01:14:57,66.4043,14.5233,41.67,85,3.15
409,Puerto Narino,CO,2021-10-08 01:14:58,-3.7703,-70.3831,78.75,92,3.09
410,Srednekolymsk,RU,2021-10-08 01:14:58,67.45,153.6833,23.05,68,3.58
411,Makokou,GA,2021-10-08 01:14:58,0.5738,12.8642,69.28,99,2.08
412,Cap Malheureux,MU,2021-10-08 01:14:59,-19.9842,57.6142,68.49,85,5.99
413,Bhiwandi,IN,2021-10-08 01:14:59,19.3,73.0667,82.26,90,2.35
414,Tuatapere,NZ,2021-10-08 01:15:00,-46.1333,167.6833,57.81,73,3.58
415,Rio Gallegos,AR,2021-10-08 01:15:00,-51.6226,-69.2181,42.85,52,2.3
416,Harlingen,US,2021-10-08 01:15:00,26.1906,-97.6961,83.34,88,8.16
417,Litovko,RU,2021-10-08 01:15:01,49.2361,135.1742,50.85,51,11.27
418,Rocha,UY,2021-10-08 01:11:20,-34.4833,-54.3333,41.16,87,2.64
419,Richards Bay,ZA,2021-10-08 01:15:01,-28.783,32.0377,67.15,80,19.06
420,Cabcab,PH,2021-10-08 01:15:02,13.6268,124.0515,81.59,80,6.53
421,Farah,AF,2021-10-08 01:15:05,32.5,62.5,64.11,25,4.36
422,Coquimbo,CL,2021-10-08 01:15:05,-29.9533,-71.3436,54.81,79,6.29
423,Sarkand,KZ,2021-10-08 01:15:06,45.41,79.9186,28.8,48,5.3
424,Souillac,MU,2021-10-08 01:15:06,-20.5167,57.5167,68.38,88,3.44
425,Zhangjiakou,CN,2021-10-08 01:15:06,40.81,114.8794,51.67,78,3.06
426,Christchurch,NZ,2021-10-08 01:10:37,-43.5333,172.6333,72.32,48,5.99
427,Viransehir,TR,2021-10-08 01:15:07,37.2353,39.7631,64.11,23,5.35
428,Wanxian,CN,2021-10-08 01:15:08,30.8039,108.3897,68.79,87,4.25
429,Longonjo,AO,2021-10-08 01:15:08,-12.9067,15.2533,67.39,77,0.27
430,Tilichiki,RU,2021-10-08 01:15:08,60.4667,166.1,32.88,50,10.13
431,Gushikawa,JP,2021-10-08 01:15:09,26.3544,127.8686,83.79,70,13.8
432,Taoudenni,ML,2021-10-08 01:15:09,22.6783,-3.9836,90.21,9,9.71
433,Remedios,CU,2021-10-08 01:15:09,22.4947,-79.5458,79.72,76,15.14
434,Henties Bay,NA,2021-10-08 01:15:10,-22.116,14.2845,52.86,81,7.49
435,La Ronge,CA,2021-10-08 01:15:10,55.1001,-105.2842,44.85,45,2.3
436,Banjar,ID,2021-10-08 01:15:11,-8.19,114.9675,78.66,61,5.44
437,Port Moresby,PG,2021-10-08 01:12:08,-9.4431,147.1797,84.24,71,5.95
438,High Level,CA,2021-10-08 01:15:11,58.5169,-117.136,41.11,60,4.61
439,Eyl,SO,2021-10-08 01:15:12,7.9803,49.8164,77.5,80,11.14
440,Havre-Saint-Pierre,CA,2021-10-08 01:15:12,50.2334,-63.5986,50.0,87,3.44
441,Vysokogornyy,RU,2021-10-08 01:15:13,50.1167,139.15,41.5,77,12.19
442,Durban,ZA,2021-10-08 01:10:58,-29.8579,31.0292,67.01,91,3.0
443,Sibu,MY,2021-10-08 01:15:13,2.3,111.8167,84.07,71,4.25
444,Saint Anthony,US,2021-10-08 01:15:13,45.0205,-93.218,67.17,84,1.01
445,Hornepayne,CA,2021-10-08 01:15:14,49.2138,-84.7705,56.55,93,4.47
446,Coari,BR,2021-10-08 01:15:14,-4.085,-63.1414,74.88,96,2.89
447,Caravelas,BR,2021-10-08 01:15:15,-17.7125,-39.2481,74.98,83,8.32
448,Omboue,GA,2021-10-08 01:15:15,-1.5746,9.2618,76.33,85,6.46
449,Ponta Delgada,PT,2021-10-08 01:15:15,37.7333,-25.6667,68.72,77,10.36
450,Praia,CV,2021-10-08 01:15:16,14.9215,-23.5087,79.34,83,10.36
451,Puteyets,RU,2021-10-08 01:15:16,65.1716,57.091,43.57,74,15.57
452,Rokytne,UA,2021-10-08 01:15:16,51.2796,27.214,35.87,59,6.33
453,Zimovniki,RU,2021-10-08 01:15:17,47.1483,42.4633,38.64,69,14.0
454,Bolgatanga,GH,2021-10-08 01:15:17,10.7856,-0.8514,77.41,75,4.29
455,Kaeo,NZ,2021-10-08 01:15:17,-35.1,173.7833,65.86,55,9.91
456,Yuci,CN,2021-10-08 01:15:18,37.6803,112.7319,53.35,66,2.24
457,Launceston,AU,2021-10-08 01:15:18,-41.45,147.1667,58.64,81,7.0
458,Baltoji Voke,LT,2021-10-08 01:15:18,54.6,25.2,37.85,70,4.61
459,Moose Factory,CA,2021-10-08 01:15:19,51.2585,-80.6094,58.98,88,4.61
460,Marawi,PH,2021-10-08 01:15:19,7.9986,124.2928,70.65,87,0.76
461,Saint Albans,GB,2021-10-08 01:13:03,51.75,-0.3333,60.39,96,5.75
462,San Andres,CO,2021-10-08 01:15:20,12.5847,-81.7006,84.22,84,13.8
463,Khuzhir,RU,2021-10-08 01:15:20,53.1939,107.3397,41.4,54,7.76
464,Harper,LR,2021-10-08 01:15:20,4.375,-7.7169,77.02,87,6.08
465,Mata,PT,2021-10-08 01:15:21,40.683,-7.4592,53.8,45,3.44
466,Monte Santo,BR,2021-10-08 01:15:21,-10.4378,-39.3328,71.42,70,9.69
467,Teahupoo,PF,2021-10-08 01:15:22,-17.8333,-149.2667,80.56,72,1.14
468,Skierniewice,PL,2021-10-08 01:15:22,51.9548,20.1584,45.88,50,7.99
469,Tautira,PF,2021-10-08 01:15:23,-17.7333,-149.15,86.02,72,0.72
470,Kabo,CF,2021-10-08 01:15:23,7.6994,18.629,72.23,96,1.36
471,Gurupa,BR,2021-10-08 01:15:23,-1.405,-51.64,79.83,76,5.77
472,Aginskoye,RU,2021-10-08 01:15:24,51.1,114.53,40.23,80,3.2
473,Bundaberg,AU,2021-10-08 01:15:24,-24.85,152.35,79.09,53,10.36
474,Talbahat,IN,2021-10-08 01:15:24,25.05,78.4333,75.61,65,3.18
475,Hay River,CA,2021-10-08 01:15:25,60.8156,-115.7999,39.18,70,4.61
476,Burnie,AU,2021-10-08 01:15:25,-41.0667,145.9167,54.95,85,13.89
477,Ojinaga,MX,2021-10-08 01:15:26,29.5667,-104.4167,92.35,19,0.0
478,Fare,PF,2021-10-08 01:15:26,-16.7,-151.0167,78.64,72,5.28
479,Labuhan,ID,2021-10-08 01:15:26,-6.8844,112.2051,83.44,58,7.34
480,Kungurtug,RU,2021-10-08 01:15:27,50.5994,97.5228,22.28,89,1.74
481,Ostersund,SE,2021-10-08 01:15:27,63.1792,14.6357,43.61,87,11.5
482,Petropavlovsk-Kamchatskiy,RU,2021-10-08 01:12:45,53.0452,158.6483,46.99,46,8.95
483,Kumano,JP,2021-10-08 01:15:27,34.3442,132.5894,79.9,69,3.2
484,Gubkinskiy,RU,2021-10-08 01:15:28,64.434,76.5026,42.42,89,14.09
485,Hauknes,NO,2021-10-08 01:15:28,66.2833,14.0667,42.93,93,4.76
486,Bira,RU,2021-10-08 01:15:29,49.0,132.4667,48.94,60,6.35
487,Victoria Point,AU,2021-10-08 01:15:29,-27.5833,153.3,87.48,55,8.99
488,Sarab,IR,2021-10-08 01:15:29,38.6066,44.9883,42.12,79,1.74
489,Viramgam,IN,2021-10-08 01:15:30,23.1225,72.0484,79.03,62,1.48
490,Kysyl-Syr,RU,2021-10-08 01:15:30,63.8986,122.7617,29.12,80,9.46
491,Khorramshahr,IR,2021-10-08 01:15:30,30.4397,48.1664,78.76,18,18.41
492,Boden,SE,2021-10-08 01:15:31,65.8252,21.6886,42.8,95,1.83
493,Qaqortoq,GL,2021-10-08 01:15:31,60.7167,-46.0333,45.1,54,4.79
494,Hovd,MN,2021-10-08 01:15:32,48.0056,91.6419,29.91,39,9.4
495,Nizhniy Kislyay,RU,2021-10-08 01:15:32,50.8497,40.1719,37.0,54,6.55
496,Magistralnyy,RU,2021-10-08 01:15:32,56.1725,107.4458,32.97,90,6.22
497,Mahibadhoo,MV,2021-10-08 01:15:33,3.7833,72.9667,83.01,74,14.52
498,Oranjemund,NA,2021-10-08 01:15:33,-28.55,16.4333,53.49,95,2.26
499,Necochea,AR,2021-10-08 01:15:33,-38.5473,-58.7368,41.04,81,10.13
500,Safaga,EG,2021-10-08 01:15:34,26.7292,33.9365,78.4,49,13.09
501,Yulara,AU,2021-10-08 01:15:34,-25.2406,130.9889,80.44,34,12.66
502,Codrington,AU,2021-10-08 01:15:34,-38.2667,141.9667,58.21,59,15.95
503,Trairi,BR,2021-10-08 01:12:56,-3.2778,-39.2689,79.16,83,9.44
504,Libertador General San Martin,AR,2021-10-08 01:15:35,-23.8064,-64.7876,71.98,52,3.89
505,Kvarkeno,RU,2021-10-08 01:15:35,52.0833,59.725,37.54,70,2.51
506,Bukavu,CD,2021-10-08 01:15:36,-2.5083,28.8608,61.02,82,2.91
507,Minab,IR,2021-10-08 01:15:36,27.1467,57.0801,81.9,54,2.44
508,Trogir,HR,2021-10-08 01:15:36,43.5125,16.2517,60.85,63,10.36
509,Vardo,NO,2021-10-08 01:15:37,70.3705,31.1107,39.56,80,30.71
510,Huarmey,PE,2021-10-08 01:15:37,-10.0681,-78.1522,64.13,86,13.33
511,Wasilla,US,2021-10-08 01:14:36,61.5814,-149.4394,49.66,80,3.44
512,Chiang Rai,TH,2021-10-08 01:15:38,19.9167,99.9167,78.13,93,3.44
513,Visby,SE,2021-10-08 01:15:38,57.6409,18.296,50.86,100,3.44
514,Moussoro,TD,2021-10-08 01:15:38,13.6408,16.4901,85.01,16,9.15
515,Kyabram,AU,2021-10-08 01:15:39,-36.3167,145.05,65.88,50,6.35
516,Akdepe,TM,2021-10-08 01:15:39,42.0551,59.3788,42.89,30,10.16
517,Nuqui,CO,2021-10-08 01:15:39,5.7125,-77.2708,76.98,89,1.9
518,Venado,MX,2021-10-08 01:15:40,22.9333,-101.0833,67.33,57,10.42
519,San Lorenzo,PY,2021-10-08 01:15:40,-25.3333,-57.5333,74.34,83,0.0
520,Siilinjarvi,FI,2021-10-08 01:15:41,63.0833,27.6667,50.02,81,9.22
521,Isangel,VU,2021-10-08 01:15:41,-19.55,169.2667,80.71,57,11.5
522,Agnibilekrou,CI,2021-10-08 01:15:41,7.1344,-3.2047,71.44,100,2.48
523,Port Blair,IN,2021-10-08 01:15:42,11.6667,92.75,78.08,91,14.03
524,Makat,KZ,2021-10-08 01:15:42,47.6469,53.3463,37.78,33,9.06
525,Kjopsvik,NO,2021-10-08 01:15:43,68.097,16.3742,39.16,79,5.82
526,Nsanje,MW,2021-10-08 01:15:43,-16.92,35.262,68.14,82,3.38
527,Vitim,RU,2021-10-08 01:15:44,59.4511,112.5578,33.98,97,9.93
528,Anadyr,RU,2021-10-08 01:15:44,64.75,177.4833,32.5,100,13.42
529,Bairiki,KI,2021-10-08 01:15:44,1.3292,172.9752,87.8,62,11.5
530,Jaciara,BR,2021-10-08 01:15:05,-15.9653,-54.9683,74.66,83,2.75
531,Portland,US,2021-10-08 01:13:10,45.5234,-122.6762,61.38,62,1.99
532,Nola,IT,2021-10-08 01:15:45,40.922,14.5329,59.92,87,4.05
533,Grand-Lahou,CI,2021-10-08 01:15:45,5.1367,-5.0242,76.5,92,4.07
534,Keetmanshoop,NA,2021-10-08 01:15:46,-26.5833,18.1333,56.77,41,5.32
535,Svetlogorsk,BY,2021-10-08 01:15:46,52.6333,29.7333,35.89,64,5.61
536,Sankt Johann Im Pongau,AT,2021-10-08 01:15:46,47.35,13.2,49.32,99,1.1
537,Hudiksvall,SE,2021-10-08 01:15:47,61.729,17.1036,46.33,94,5.17
538,Mount Darwin,ZW,2021-10-08 01:15:47,-16.7725,31.5838,60.26,86,3.31
